smiles_r,TOXICITY,Source_rank,Source,Data,InChIKey,InChIKey14,protonated_smiles_r,error_msg,smiles_std
CC1OC1[P](=O)(=O)O,1,1,DILIst Classification  Oral,DILI,UJNUDOLLRRCQDH-UHFFFAOYSA-N,UJNUDOLLRRCQDH,CC1OC1[P](=O)(=O)O,Success,CC1OC1[P](=O)(=O)O
O=[P](=O)(O)C(Cl)(Cl)[P](=O)(=O)O,1,1,DILIst Classification  ,DILI,SMDQENAKEXGVHN-UHFFFAOYSA-N,SMDQENAKEXGVHN,O=[P](=O)(O)C(Cl)(Cl)[P](=O)(=O)O,Success,O=[P](=O)(O)C(Cl)(Cl)[P](=O)(=O)O
O=C1C=NC(c2ccccc2)c2cc([N+](=O)[O-])ccc2N1,1,1,DILIst Classification  ,DILI,UGGMVORTUXFWLM-UHFFFAOYSA-N,UGGMVORTUXFWLM,O=C1C=NC(c2ccccc2)c2cc([N+](=O)[O-])ccc2N1,Success,O=C1C=NC(c2ccccc2)c2cc([N+](=O)[O-])ccc2N1
CC(C)c1cccc(C(C)C)c1OCO[P](=O)(=O)O,1,1,DILIst Classification  Intravenous,DILI,VGRGBDXULCNWFE-UHFFFAOYSA-N,VGRGBDXULCNWFE,CC(C)c1cccc(C(C)C)c1OCO[P](=O)(=O)O,Success,CC(C)c1cccc(C(C)C)c1OCO[P](=O)(=O)O
CC(Cn1cnc2c(=N)[nH]cnc21)OC[P](=O)(=O)O,1,1,DILIst Classification  Oral,DILI,WUCSXTDWYHOFKK-UHFFFAOYSA-N,WUCSXTDWYHOFKK,CC(Cn1cnc2c(=N)[nH]cnc21)OC[P](=O)(=O)O,Success,CC(Cn1cnc2c(N)ncnc21)OC[P](=O)(=O)O
CC1(C)SC2C(NC(=O)Cc3ccccc3)CN2C1C(=O)O,1,1,DILIst Classification  ,DILI,WAYJCOBMBRPWED-UHFFFAOYSA-N,WAYJCOBMBRPWED,CC1(C)SC2C(NC(=O)Cc3ccccc3)C[NH+]2C1C(=O)[O-],Success,CC1(C)SC2C(NC(=O)Cc3ccccc3)CN2C1C(=O)O
O=[P-](=O)(O)C(O)(C[N+]1=CC=[N+]=C1)[P-](=O)(=O)O,1,1,DILIst Classification  Intravenous,DILI,VVTFUCQBNYYCPM-UHFFFAOYSA-N,VVTFUCQBNYYCPM,O=[P-](=O)(O)C(O)(C[N+]1=CC=[N+]=C1)[P-](=O)(=O)O,Success,O=[P-](=O)(O)C(O)(C[N+]1=CC=[N+]=C1)[P-](=O)(=O)O
CNC(CC(C)C)C(=O)NC1C(=O)NC(CC(N)=O)C(=O)NC2C(=O)Nc3c(O)[nH]c(c(O)[nH]c(=C(O)O)c4cc(O)cc(O)c4c4cc3ccc4O)C(O)c3ccc(c(Cl)c3)Oc3cc2cc(c3OC2OC(CO)C(O)C(O)C2OC2CC(C)(N)C(O)C(C)O2)Oc2ccc(cc2Cl)C1O,1,1,DILIst Classification  Oral,DILI,VXFQOIANLLNPGH-UHFFFAOYSA-N,VXFQOIANLLNPGH,C[NH2+]C(CC(C)C)C(=O)NC1C(=O)NC(CC(N)=O)C(=O)NC2C(=O)Nc3c(O)[nH]c(c(O)[nH]c(=C(O)O)c4cc(O)cc(O)c4c4cc3ccc4O)C(O)c3ccc(c(Cl)c3)Oc3cc2cc(c3OC2OC(CO)C(O)C(O)C2OC2CC(C)([NH3+])C(O)C(C)O2)Oc2ccc(cc2Cl)C1O,Success,CNC(CC(C)C)C(=O)NC1C(=O)NC(CC(N)=O)C(=O)NC2C(=O)Nc3c(O)[nH]c(c(O)[nH]c(=C(O)O)c4cc(O)cc(O)c4c4cc3ccc4O)C(O)c3ccc(c(Cl)c3)Oc3cc2cc(c3OC2OC(CO)C(O)C(O)C2OC2CC(C)(N)C(O)C(C)O2)Oc2ccc(cc2Cl)C1O
CC(C)CC(NC(=O)C(Cc1c[nH]c2ccccc12)NC(=O)C(Cc1ccc(O)cc1)NC(=O)C(CO)NC(=O)C(Cc1c[nH]c2ccccc12)NC(=O)C(Cc1cnc[nH]1)NC(=O)C1CCC(=O)N1)C(=O)NC(CCCNC(=N)N)C(=O)N1CCCC1C(=O)NCC(N)=O,1,1,DILIst Classification  Intramuscular,DILI,VXKHXGOKWPXYNA-UHFFFAOYSA-N,VXKHXGOKWPXYNA,CC(C)CC(NC(=O)C(Cc1c[nH]c2ccccc12)NC(=O)C(Cc1ccc(O)cc1)NC(=O)C(CO)NC(=O)C(Cc1c[nH]c2ccccc12)NC(=O)C(Cc1cnc[nH]1)NC(=O)C1CCC(=O)N1)C(=O)NC(CCCNC(N)=[NH2+])C(=O)[NH+]1CCCC1C(=O)NCC(N)=O,Success,CC(C)CC(NC(=O)C(Cc1c[nH]c2ccccc12)NC(=O)C(Cc1ccc(O)cc1)NC(=O)C(CO)NC(=O)C(Cc1c[nH]c2ccccc12)NC(=O)C(Cc1c[nH]cn1)NC(=O)C1CCC(=O)N1)C(=O)NC(CCCNC(=N)N)C(=O)N1CCCC1C(=O)NCC(N)=O
CN(CCCCCCCCCCN(C)C(=O)Oc1ccccc1[N+](C)(C)C)C(=O)Oc1ccccc1[N+](C)(C)C,1,1,DILIst Classification  ,DILI,VXUVVFFRFRITPE-UHFFFAOYSA-N,VXUVVFFRFRITPE,C[NH+](CCCCCCCCCC[NH+](C)C(=O)Oc1ccccc1[N+](C)(C)C)C(=O)Oc1ccccc1[N+](C)(C)C,Success,CN(CCCCCCCCCCN(C)C(=O)Oc1ccccc1[N+](C)(C)C)C(=O)Oc1ccccc1[N+](C)(C)C
N=c1[nH]cnc2c1ncn2CCOC[P](=O)(=O)O,1,1,DILIst Classification  Oral,DILI,QBOMMLNIIUVYAH-UHFFFAOYSA-N,QBOMMLNIIUVYAH,N=c1[nH]cnc2c1ncn2CCOC[P](=O)(=O)O,Success,Nc1ncnc2c1ncn2CCOC[P](=O)(=O)O
CN1CCN(C(=O)Oc2c3nccnc3c(O)n2-c2ccc(Cl)cn2)CC1,1,1,DILIst Classification  ,DILI,QCTRMDIJRRVPPY-UHFFFAOYSA-N,QCTRMDIJRRVPPY,C[NH+]1CC[NH+](C(=O)Oc2c3nccnc3c(O)n2-c2ccc(Cl)cn2)CC1,Success,CN1CCN(C(=O)Oc2c3nccnc3c(O)n2-c2ccc(Cl)cn2)CC1
COc1c(CC=C(C)CCC(=O)OCCN2CCOCC2)c(O)c2c(O)occ2c1C,1,1,DILIst Classification  Oral,DILI,PGPPCCZSDRAQKA-UHFFFAOYSA-N,PGPPCCZSDRAQKA,COc1c(CC=C(C)CCC(=O)OCC[NH+]2CCOCC2)c(O)c2c(O)occ2c1C,Success,COc1c(CC=C(C)CCC(=O)OCCN2CCOCC2)c(O)c2c(O)occ2c1C
CC(=O)OC=C1CSC2C(NC(=O)Cc3cccs3)C(=O)N2C1C(=O)O,1,1,DILIst Classification  Intramuscular; Intravenous,DILI,RPYOSGKJIBAQNU-UHFFFAOYSA-N,RPYOSGKJIBAQNU,CC(=O)OC=C1CSC2C(NC(=O)Cc3cccs3)C(=O)[NH+]2C1C(=O)[O-],Success,CC(=O)OC=C1CSC2C(NC(=O)Cc3cccs3)C(=O)N2C1C(=O)O
CC(C)=Nc1cc2c(cc1Nc1ccc(Cl)cc1)Nc1ccccc1N2c1ccc(Cl)cc1,1,1,DILIst Classification  ,DILI,QZOZORJVUIIALW-UHFFFAOYSA-N,QZOZORJVUIIALW,CC(C)=Nc1cc2c(cc1Nc1ccc(Cl)cc1)Nc1ccccc1N2c1ccc(Cl)cc1,Success,CC(C)=Nc1cc2c(cc1Nc1ccc(Cl)cc1)Nc1ccccc1N2c1ccc(Cl)cc1
CN=C1C=[N+]([O-])C(c2ccccc2)c2cc(Cl)ccc2N1,1,1,DILIst Classification  Oral,DILI,RHUMXTALHSBJRL-UHFFFAOYSA-N,RHUMXTALHSBJRL,C[NH+]=C1C=[N+](O)C(c2ccccc2)c2cc(Cl)ccc2N1,Success,CN=C1C=[N+]([O-])C(c2ccccc2)c2cc(Cl)ccc2N1
COc1c(CC=C(C)CCC(=O)O)c(O)c2c(O)occ2c1C,1,13,DILIrank dataset CP Overlap REpsilber,DILI,LTBQFJVKVMGOEG-UHFFFAOYSA-N,LTBQFJVKVMGOEG,COc1c(CC=C(C)CCC(=O)[O-])c(O)c2c(O)occ2c1C,Success,COc1c(CC=C(C)CCC(=O)O)c(O)c2c(O)occ2c1C
COc1cc2c(cc1OC)C1CC(=O)C(CC(C)C)CN1CC2,1,13,DILIrank dataset CP Overlap REpsilber,DILI,MKJIEFSOBYUXJB-UHFFFAOYSA-N,MKJIEFSOBYUXJB,COc1cc2c(cc1OC)C1CC(=O)C(CC(C)C)C[NH+]1CC2,Success,COc1cc2c(cc1OC)C1CC(=O)C(CC(C)C)CN1CC2
Cc1cccc(N=c2cc[nH]cc2S(=O)(=O)NC(=O)NC(C)C)c1,1,13,DILIrank dataset CP Overlap REpsilber,DILI,NGBFQHCMQULJNZ-UHFFFAOYSA-N,NGBFQHCMQULJNZ,Cc1cccc(N=c2cc[nH]cc2S(=O)(=O)[N-]C(=O)[NH2+]C(C)C)c1,Success,Cc1cccc(Nc2ccncc2S(=O)(=O)NC(=O)NC(C)C)c1
CC(C)CC1C(=O)N2CCCC2C2(O)OC(NC(=O)C3=CC4c5cccc6[nH]c(Br)c(c56)CC4N(C)C3)(C(C)C)C(=O)N12,1,13,DILIrank dataset CP Overlap REpsilber,DILI,NUEAMYZABAMKDO-UHFFFAOYSA-N,NUEAMYZABAMKDO,CC(C)CC1C(=O)[NH+]2CCCC2C2(O)OC(NC(=O)C3=CC4c5cccc6[nH]c(Br)c(c56)CC4[NH+](C)C3)(C(C)C)C(=O)[NH+]12,Success,CC(C)CC1C(=O)N2CCCC2C2(O)OC(NC(=O)C3=CC4c5cccc6[nH]c(Br)c(c56)CC4N(C)C3)(C(C)C)C(=O)N12
COc1cccc2c(O)c3c(O)c4c(c(O)c3c(O)c12)=C(OC1CC(N)C(O)C(C)O1)CC(O)(C(=O)CO)C=4,1,13,DILIrank dataset CP Overlap REpsilber,DILI,OEMKXOUYUCIRSC-UHFFFAOYSA-N,OEMKXOUYUCIRSC,COc1cccc2c(O)c3c(O)c4c(c(O)c3c(O)c12)=C(OC1CC([NH3+])C(O)C(C)O1)CC(O)(C(=O)CO)C=4,Success,COc1cccc2c(O)c3c(O)c4c(c(O)c3c(O)c12)=C(OC1CC(N)C(O)C(C)O1)CC(O)(C(=O)CO)C=4
CCCC1CC(C(=O)NC(C(C)O)C2OC(SC)C(O)C(O)C2O)N(C)C1,1,13,DILIrank dataset CP Overlap REpsilber,DILI,OJMMVQQUTAEWLP-UHFFFAOYSA-N,OJMMVQQUTAEWLP,CCCC1CC(C(=O)NC(C(C)O)C2OC(SC)C(O)C(O)C2O)[NH+](C)C1,Success,CCCC1CC(C(=O)NC(C(C)O)C2OC(SC)C(O)C(O)C2O)N(C)C1
CC12CCC3c4ccc(OS(=O)(=O)O)cc4CCC3C1CCC2=O,1,13,DILIrank dataset CP Overlap REpsilber,DILI,JKKFKPJIXZFSSB-UHFFFAOYSA-N,JKKFKPJIXZFSSB,CC12CCC3c4ccc(OS(=O)(=O)[O-])cc4CCC3C1CCC2=O,Success,CC12CCC3c4ccc(OS(=O)(=O)O)cc4CCC3C1CCC2=O
Cc1nccn1CC1CCC2C(C1=O)c1ccccc1N2C,1,13,DILIrank dataset CP Overlap REpsilber,DILI,JIMWRSFMRULTNX-UHFFFAOYSA-N,JIMWRSFMRULTNX,Cc1nccn1CC1CCC2C(C1=O)c1ccccc1[NH+]2C,Success,Cc1nccn1CC1CCC2C(C1=O)c1ccccc1N2C
CC1=NS(=O)(=O)c2cc(Cl)ccc2N1,1,13,DILIrank dataset CP Overlap REpsilber,DILI,GDLBFKVLRPITMI-UHFFFAOYSA-N,GDLBFKVLRPITMI,CC1=[NH+]S(=O)(=O)c2cc(Cl)ccc2N1,Success,CC1=NS(=O)(=O)c2cc(Cl)ccc2N1
CC1CC2C3CC=C4CC(=O)C=CC4(C)C3(F)C(O)CC2(C)C1(O)C(=O)CO,1,13,DILIrank dataset CP Overlap REpsilber,DILI,GJFCONYVAUNLKB-UHFFFAOYSA-N,GJFCONYVAUNLKB,CC1CC2C3CC=C4CC(=O)C=CC4(C)C3(F)C(O)CC2(C)C1(O)C(=O)CO,Success,CC1CC2C3CC=C4CC(=O)C=CC4(C)C3(F)C(O)CC2(C)C1(O)C(=O)CO
CCC1(c2ccccc2)NC(=O)N(C)C1=O,1,13,DILIrank dataset CP Overlap REpsilber,DILI,GMHKMTDVRCWUDX-UHFFFAOYSA-N,GMHKMTDVRCWUDX,CCC1(c2ccccc2)NC(=O)[NH+](C)C1=O,Success,CCC1(c2ccccc2)NC(=O)N(C)C1=O
N=C(N)NC(=O)Cc1c(Cl)cccc1Cl,1,13,DILIrank dataset CP Overlap REpsilber,DILI,INJOMKTZOLKMBF-UHFFFAOYSA-N,INJOMKTZOLKMBF,NC(=[NH2+])NC(=O)Cc1c(Cl)cccc1Cl,Success,N=C(N)NC(=O)Cc1c(Cl)cccc1Cl
OCCN(CCO)c1nc(N2CCCCC2)c2nc(N(CCO)CCO)nc(N3CCCCC3)c2n1,1,13,DILIrank dataset CP Overlap REpsilber,DILI,IZEKFCXSFNUWAM-UHFFFAOYSA-N,IZEKFCXSFNUWAM,OCCN(CCO)c1nc(N2CCCCC2)c2nc(N(CCO)CCO)nc(N3CCCCC3)c2n1,Success,OCCN(CCO)c1nc(N2CCCCC2)c2nc(N(CCO)CCO)nc(N3CCCCC3)c2n1
CCOc1ccc2ccccc2c1NC(=O)C1C(=O)N2C1SC(C)(C)C2C(=O)O,1,13,DILIrank dataset CP Overlap REpsilber,DILI,PLIGJUHHTJAZTH-UHFFFAOYSA-N,PLIGJUHHTJAZTH,CCOc1ccc2ccccc2c1NC(=O)C1C(=O)[NH+]2C1SC(C)(C)C2C(=O)[O-],Success,CCOc1ccc2ccccc2c1NC(=O)C1C(=O)N2C1SC(C)(C)C2C(=O)O
N=c1[nH]c(Cl)nc2c1ncn2C1OC(CO)C(O)C1F,1,13,DILIrank dataset CP Overlap REpsilber,DILI,WDDPHFBMKLOVOX-UHFFFAOYSA-N,WDDPHFBMKLOVOX,N=c1[nH]c(Cl)nc2c1ncn2C1OC(CO)C(O)C1F,Success,Nc1nc(Cl)nc2c1ncn2C1OC(CO)C(O)C1F
CCCC(C)C1(CC)C(=O)NC(=O)NC1=O,1,13,DILIrank dataset CP Overlap REpsilber,DILI,WEXRUCMBJFQVBZ-UHFFFAOYSA-N,WEXRUCMBJFQVBZ,CCCC(C)C1(CC)C(=O)[N-]C(=O)[N-]C1=O,Success,CCCC(C)C1(CC)C(=O)NC(=O)NC1=O
CC(=O)OC1(C(C)=O)CCC2C3CC(C)=C4CC(=O)CCC4(C)C3CCC21C,1,13,DILIrank dataset CP Overlap REpsilber,DILI,WYYCRMBIYYRAEW-UHFFFAOYSA-N,WYYCRMBIYYRAEW,CC(=O)OC1(C(C)=O)CCC2C3CC(C)=C4CC(=O)CCC4(C)C3CCC21C,Success,CC(=O)OC1(C(C)=O)CCC2C3CC(C)=C4CC(=O)CCC4(C)C3CCC21C
Cc1cc(C(=O)NNCc2ccccc2)no1,1,13,DILIrank dataset CP Overlap REpsilber,DILI,XKFPYPQQHFEXRZ-UHFFFAOYSA-N,XKFPYPQQHFEXRZ,Cc1cc(C(=O)[N-]NCc2ccccc2)no1,Success,Cc1cc(C(=O)NNCc2ccccc2)no1
CC1(C)NC(=O)N(c2ccc([N+](=O)[O-])c(C(F)(F)F)c2)C1=O,1,13,DILIrank dataset CP Overlap REpsilber,DILI,XWXYUMMDTVBTOU-UHFFFAOYSA-N,XWXYUMMDTVBTOU,CC1(C)NC(=O)[NH+](c2ccc([N+](=O)[O-])c(C(F)(F)F)c2)C1=O,Success,CC1(C)NC(=O)N(c2ccc([N+](=O)[O-])c(C(F)(F)F)c2)C1=O
Cc1nnc(SC=C2CSC3C(NC(=O)Cn4cnnn4)C(=O)N3C2C(=O)O)s1,1,13,DILIrank dataset CP Overlap REpsilber,DILI,ZQRBOBGLJZHCAN-UHFFFAOYSA-N,ZQRBOBGLJZHCAN,Cc1nnc(SC=C2CSC3C(NC(=O)Cn4cnnn4)C(=O)[NH+]3C2C(=O)[O-])s1,Success,Cc1nnc(SC=C2CSC3C(NC(=O)Cn4cnnn4)C(=O)N3C2C(=O)O)s1
Cc1[nH]c(=O)c(C#N)cc1-c1ccncc1,1,13,DILIrank dataset CP Overlap REpsilber,DILI,PZRHRDRVRGEVNW-UHFFFAOYSA-N,PZRHRDRVRGEVNW,Cc1[nH]c(=O)c(C#N)cc1-c1ccncc1,Success,Cc1[nH]c(=O)c(C#N)cc1-c1ccncc1
CC(=O)OC1CCC2C3CCc4cc(O)ccc4C3CCC12C,1,13,DILIrank dataset CP Overlap REpsilber,DILI,QAHOQNJVHDHYRN-UHFFFAOYSA-N,QAHOQNJVHDHYRN,CC(=O)OC1CCC2C3CCc4cc(O)ccc4C3CCC12C,Success,CC(=O)OC1CCC2C3CCc4cc(O)ccc4C3CCC12C
CCC1C(=O)OCC1Cc1cncn1C,1,13,DILIrank dataset CP Overlap REpsilber,DILI,QCHFTSOMWOSFHM-UHFFFAOYSA-N,QCHFTSOMWOSFHM,CCC1C(=O)OCC1Cc1cncn1C,Success,CCC1C(=O)OCC1Cc1cncn1C
CNCCCC12CCC(c3ccccc31)c1ccccc12,1,13,DILIrank dataset CP Overlap REpsilber,DILI,QSLMDECMDJKHMQ-UHFFFAOYSA-N,QSLMDECMDJKHMQ,C[NH2+]CCCC12CCC(c3ccccc31)c1ccccc12,Success,CNCCCC12CCC(c3ccccc31)c1ccccc12
O=C1CCc2cc(OCCCCc3nnnn3C3CCCCC3)ccc2N1,1,13,DILIrank dataset CP Overlap REpsilber,DILI,RRGUKTPIGVIEKM-UHFFFAOYSA-N,RRGUKTPIGVIEKM,O=C1CCc2cc(OCCCCc3nnnn3C3CCCCC3)ccc2N1,Success,O=C1CCc2cc(OCCCCc3nnnn3C3CCCCC3)ccc2N1
Cc1ccc(Cl)c(Nc2ccccc2C(=O)O)c1Cl,1,13,DILIrank dataset CP Overlap REpsilber,DILI,SBDNJUWAMKYJOX-UHFFFAOYSA-N,SBDNJUWAMKYJOX,Cc1ccc(Cl)c(Nc2ccccc2C(=O)[O-])c1Cl,Success,Cc1ccc(Cl)c(Nc2ccccc2C(=O)O)c1Cl
CN1CCCCC1CCN1c2ccccc2Sc2ccc([S+](C)[O-])cc21,1,13,DILIrank dataset CP Overlap REpsilber,DILI,SLVMESMUVMCQIY-UHFFFAOYSA-N,SLVMESMUVMCQIY,C[NH+]1CCCCC1CCN1c2ccccc2Sc2ccc([S+](C)O)cc21,Success,CN1CCCCC1CCN1c2ccccc2Sc2ccc([S+](C)[O-])cc21
CN(C)C1C(=O)C(C(N)=O)C(=O)C2(O)C(O)c3c(c(O)c4c(Cl)ccc(O)c4c3O)CC12,1,13,DILIrank dataset CP Overlap REpsilber,DILI,STSZYJMXQQPUNU-UHFFFAOYSA-N,STSZYJMXQQPUNU,C[NH+](C)C1C(=O)C(C(N)=O)C(=O)C2(O)C(O)c3c(c(O)c4c(Cl)ccc(O)c4c3O)CC12,Success,CN(C)C1C(=O)C(C(N)=O)C(=O)C2(O)C(O)c3c(c(O)c4c(Cl)ccc(O)c4c3O)CC12
CC(C(=O)O)c1ccc(-c2ccccc2)c(F)c1,1,13,DILIrank dataset CP Overlap REpsilber,DILI,SYTBZMRGLBWNTM-UHFFFAOYSA-N,SYTBZMRGLBWNTM,CC(C(=O)[O-])c1ccc(-c2ccccc2)c(F)c1,Success,CC(C(=O)O)c1ccc(-c2ccccc2)c(F)c1
O=C1C=NC(c2ccccc2)c2cc(Cl)ccc2N1,1,1,DILIst Classification  ,DILI,XYFZZOKPDQAJPG-UHFFFAOYSA-N,XYFZZOKPDQAJPG,O=C1C=NC(c2ccccc2)c2cc(Cl)ccc2N1,Success,O=C1C=NC(c2ccccc2)c2cc(Cl)ccc2N1
N#CN,1,1,DILIst Classification  Oral,DILI,XZMCDFZZKTWFGF-UHFFFAOYSA-N,XZMCDFZZKTWFGF,N#C[NH3+],Success,N#CN
CCOC(=O)N=c1c[n+](N2CCOCC2)[n-]o1,1,1,DILIst Classification  ,DILI,XLFWDASMENKTKL-UHFFFAOYSA-N,XLFWDASMENKTKL,CCOC(=O)N=c1c[n+]([NH+]2CCOCC2)[nH]o1,Success,CCOC(=O)N=c1c[n+](N2CCOCC2)[n-]o1
O=C(O)c1ccc(O)c(O)c1,1,1,DILIst Classification  Intravenous,DILI,YQUVCSBJEUQKSH-UHFFFAOYSA-N,YQUVCSBJEUQKSH,O=C([O-])c1ccc(O)c(O)c1,Success,O=C(O)c1ccc(O)c(O)c1
CC(=O)CCCCn1c(=O)c2c(ncn2C)n(C)c1=O,1,13,DILIrank dataset CP Overlap REpsilber,DILI,BYPFEZZEUUWMEJ-UHFFFAOYSA-N,BYPFEZZEUUWMEJ,CC(=O)CCCCn1c(=O)c2c(ncn2C)n(C)c1=O,Success,CC(=O)CCCCn1c(=O)c2c(ncn2C)n(C)c1=O
NS(=O)(=O)c1cc2c(cc1C(F)(F)F)NCNS2(=O)=O,1,13,DILIrank dataset CP Overlap REpsilber,DILI,DMDGGSIALPNSEE-UHFFFAOYSA-N,DMDGGSIALPNSEE,NS(=O)(=O)c1cc2c(cc1C(F)(F)F)NCNS2(=O)=O,Success,NS(=O)(=O)c1cc2c(cc1C(F)(F)F)NCNS2(=O)=O
CC12CCC3c4ccc(O)cc4CCC3C1CCC2=O,1,13,DILIrank dataset CP Overlap REpsilber,DILI,DNXHEGUUPJUMQT-UHFFFAOYSA-N,DNXHEGUUPJUMQT,CC12CCC3c4ccc(O)cc4CCC3C1CCC2=O,Success,CC12CCC3c4ccc(O)cc4CCC3C1CCC2=O
OCCN=CCNc1ccc(NCCNCCO)c2c(O)c3c(O)ccc(O)c3c(O)c12,1,1,DILIst Classification  Intravenous,DILI,YYJKSCIIZGQWEE-UHFFFAOYSA-N,YYJKSCIIZGQWEE,OCCN=CCNc1ccc(NCC[NH2+]CCO)c2c(O)c3c(O)ccc(O)c3c(O)c12,Success,OCCN=CCNc1ccc(NCCNCCO)c2c(O)c3c(O)ccc(O)c3c(O)c12
CN(C)CCn1nnnc1SC=C1CSC2C(NC(=O)Cc3csc(=N)[nH]3)C(=O)N2C1C(=O)O,1,1,DILIst Classification  ,DILI,ZERZWIVZXKRPMQ-UHFFFAOYSA-N,ZERZWIVZXKRPMQ,C[NH+](C)CCn1nnnc1SC=C1CSC2C(NC(=O)Cc3csc(=N)[nH]3)C(=O)[NH+]2C1C(=O)[O-],Success,CN(C)CCn1nnnc1SC=C1CSC2C(NC(=O)Cc3csc(N)n3)C(=O)N2C1C(=O)O
CCOCC(O)COc1ccc(NC(=O)CC[S](C)C)cc1,1,1,DILIst Classification  ,DILI,OUCZKWKDGZGTBA-UHFFFAOYSA-N,OUCZKWKDGZGTBA,CCOCC(O)COc1ccc(NC(=O)CC[S](C)C)cc1,Success,CCOCC(O)COc1ccc(NC(=O)CC[S](C)C)cc1
CCN(CC)CC=NC(=O)c1c(C)[nH]c(Cc2c(O)[nH]c3ccc(F)cc23)c1C,1,1,DILIst Classification  Oral,DILI,ALVHFWNGOPERPY-UHFFFAOYSA-N,ALVHFWNGOPERPY,CC[NH+](CC)CC=NC(=O)c1c(C)[nH]c(Cc2c(O)[nH]c3ccc(F)cc23)c1C,Success,CCN(CC)CC=NC(=O)c1c(C)[nH]c(Cc2c(O)[nH]c3ccc(F)cc23)c1C
O=C1C=NC(c2ccccc2Cl)c2cc([N+](=O)[O-])ccc2N1,1,1,DILIst Classification  Oral,DILI,GUSMEDHRIBVVJG-UHFFFAOYSA-N,GUSMEDHRIBVVJG,O=C1C=NC(c2ccccc2Cl)c2cc([N+](=O)[O-])ccc2N1,Success,O=C1C=NC(c2ccccc2Cl)c2cc([N+](=O)[O-])ccc2N1
CC(=O)C(NC(=O)C1CSSCC(NC(=O)C(N)Cc2ccc3ccccc3c2)C(=O)NC(Cc2ccc(O)cc2)C(=O)NC(Cc2c[nH]c3ccccc23)C(=O)NC(CCCCN)C(=O)NC(C(C)C)C(=O)N1)C(N)O,1,1,DILIst Classification  ,DILI,HFBLFEOAXLEEAV-UHFFFAOYSA-N,HFBLFEOAXLEEAV,CC(=O)C(NC(=O)C1CSSCC(NC(=O)C([NH3+])Cc2ccc3ccccc3c2)C(=O)NC(Cc2ccc(O)cc2)C(=O)NC(Cc2c[nH]c3ccccc23)C(=O)NC(CCCC[NH3+])C(=O)NC(C(C)C)C(=O)N1)C(N)O,Success,CC(=O)C(NC(=O)C1CSSCC(NC(=O)C(N)Cc2ccc3ccccc3c2)C(=O)NC(Cc2ccc(O)cc2)C(=O)NC(Cc2c[nH]c3ccccc23)C(=O)NC(CCCCN)C(=O)NC(C(C)C)C(=O)N1)C(N)O
Cc1ccc(C(=O)NC2C(=O)NC(C(C)C)C(=O)N3CCCC3C(=O)N(C)CC(=O)N(C)C(C(C)C)C(=O)OC2C)c2c1Oc1c(C)c(O)c(N)c(C(=O)N=C3C(=O)NC(C(C)C)C(=O)N4CCCC4C(=O)N(C)CC(=O)N(C)C(C(C)C)C(=O)OC3C)c1N2,1,1,DILIst Classification  Subcutaneous,DILI,GSADSJFVCHVKRH-UHFFFAOYSA-N,GSADSJFVCHVKRH,Cc1ccc(C(=O)NC2C(=O)NC(C(C)C)C(=O)[NH+]3CCCC3C(=O)[NH+](C)CC(=O)[NH+](C)C(C(C)C)C(=O)OC2C)c2c1Oc1c(C)c(O)c(N)c(C(=O)N=C3C(=O)NC(C(C)C)C(=O)[NH+]4CCCC4C(=O)[NH+](C)CC(=O)[NH+](C)C(C(C)C)C(=O)OC3C)c1N2,Success,Cc1ccc(C(=O)NC2C(=O)NC(C(C)C)C(=O)N3CCCC3C(=O)N(C)CC(=O)N(C)C(C(C)C)C(=O)OC2C)c2c1Oc1c(C)c(O)c(N)c(C(=O)N=C3C(=O)NC(C(C)C)C(=O)N4CCCC4C(=O)N(C)CC(=O)N(C)C(C(C)C)C(=O)OC3C)c1N2
CCNC(=O)C1CCCN1C(=O)C(CCCNC(=N)N)NC(=O)C(CC(C)C)NC(=O)C(CC(C)C)NC(=O)C(Cc1ccc(O)cc1)NC(=O)C(CO)NC(=O)C(Cc1c[nH]c2ccccc12)NC(=O)C(Cc1cnc[nH]1)NC(=O)C1CCC(=O)N1,1,1,DILIst Classification  Subcutaneous,DILI,GFIJNRVAKGFPGQ-UHFFFAOYSA-N,GFIJNRVAKGFPGQ,CCNC(=O)C1CCC[NH+]1C(=O)C(CCCNC(N)=[NH2+])NC(=O)C(CC(C)C)NC(=O)C(CC(C)C)NC(=O)C(Cc1ccc(O)cc1)NC(=O)C(CO)NC(=O)C(Cc1c[nH]c2ccccc12)NC(=O)C(Cc1cnc[nH]1)NC(=O)C1CCC(=O)N1,Success,CCNC(=O)C1CCCN1C(=O)C(CCCN=C(N)N)NC(=O)C(CC(C)C)NC(=O)C(CC(C)C)NC(=O)C(Cc1ccc(O)cc1)NC(=O)C(CO)NC(=O)C(Cc1c[nH]c2ccccc12)NC(=O)C(Cc1cnc[nH]1)NC(=O)C1CCC(=O)N1
CCc1c(C)cn(C(=O)NCCc2ccc(S(=O)(=O)NC(=O)NC3CCC(C)CC3)cc2)c1O,1,1,DILIst Classification  Oral,DILI,GKNDIYRVXVKUNM-UHFFFAOYSA-N,GKNDIYRVXVKUNM,CCc1c(C)cn(C(=O)NCCc2ccc(S(=O)(=O)[N-]C(=O)[NH2+]C3CCC(C)CC3)cc2)c1O,Success,CCc1c(C)cn(C(=O)NCCc2ccc(S(=O)(=O)NC(=O)NC3CCC(C)CC3)cc2)c1O
NCCCC(O)([P](=O)(=O)O)[P](=O)(=O)O,1,1,DILIst Classification  Oral,DILI,COORKQZSNQLSLX-UHFFFAOYSA-N,COORKQZSNQLSLX,[NH3+]CCCC(O)([P](=O)(=O)O)[P](=O)(=O)O,Success,NCCCC(O)([P](=O)(=O)O)[P](=O)(=O)O
O=C1C=NC(c2ccccn2)c2cc(Br)ccc2N1,1,1,DILIst Classification  ,DILI,BAEURYYFMFQDTK-UHFFFAOYSA-N,BAEURYYFMFQDTK,O=C1C=NC(c2ccccn2)c2cc(Br)ccc2N1,Success,O=C1C=NC(c2ccccn2)c2cc(Br)ccc2N1
CC(=O)NC1C(O)OC(CO)C(OS(=O)(=O)O)C1OC1OC(C(=O)O)C(O)C(O)C1O,1,1,DILIst Classification  Intravenous,DILI,AVJBPWGFOQAPRH-UHFFFAOYSA-N,AVJBPWGFOQAPRH,CC(=O)NC1C(O)OC(CO)C(OS(=O)(=O)[O-])C1OC1OC(C(=O)[O-])C(O)C(O)C1O,Success,CC(=O)NC1C(O)OC(CO)C(OS(=O)(=O)O)C1OC1OC(C(=O)O)C(O)C(O)C1O
COC12C(=COC(N)=O)c3c(O)c(N)c(C)c(O)c3N1CC1NC12,1,1,DILIst Classification  Intravenous,DILI,DZFQLAHFWAYDSR-UHFFFAOYSA-N,DZFQLAHFWAYDSR,COC12C(=COC(N)=O)c3c(O)c(N)c(C)c(O)c3N1CC1[NH2+]C12,Success,COC12C(=COC(N)=O)c3c(O)c(N)c(C)c(O)c3N1CC1NC12
COc1cccc2c(O)c3c(O)c4c(c(O)c3c(O)c12)=C(OC1CC(N)C(OC2CCCCO2)C(C)O1)CC(O)(C(=O)CO)C=4,1,1,DILIst Classification  ,DILI,MLNXYRCHUAIOQD-UHFFFAOYSA-N,MLNXYRCHUAIOQD,COc1cccc2c(O)c3c(O)c4c(c(O)c3c(O)c12)=C(OC1CC([NH3+])C(OC2CCCCO2)C(C)O1)CC(O)(C(=O)CO)C=4,Success,COc1cccc2c(O)c3c(O)c4c(c(O)c3c(O)c12)=C(OC1CC(N)C(OC2CCCCO2)C(C)O1)CC(O)(C(=O)CO)C=4
O=[P](=O)(O)OC(Cn1cncn1)(Cn1cncn1)c1ccc(F)cc1F,1,1,DILIst Classification  ,DILI,LDHJDSQNUUOTRO-UHFFFAOYSA-N,LDHJDSQNUUOTRO,O=[P](=O)(O)OC(Cn1cncn1)(Cn1cncn1)c1ccc(F)cc1F,Success,O=[P](=O)(O)OC(Cn1cncn1)(Cn1cncn1)c1ccc(F)cc1F
CS(=O)(=O)c1ccc(-c2coc(O)c2-c2ccccc2)cc1,1,1,DILIst Classification  Oral,DILI,MRHFQRMJFYDYBV-UHFFFAOYSA-N,MRHFQRMJFYDYBV,CS(=O)(=O)c1ccc(-c2coc(O)c2-c2ccccc2)cc1,Success,CS(=O)(=O)c1ccc(-c2coc(O)c2-c2ccccc2)cc1
CC(=O)Nc1cc([As](=O)(O)O)ccc1O,1,1,DILIst Classification  Vaginal,DILI,ODFJOVXVLFUVNQ-UHFFFAOYSA-N,ODFJOVXVLFUVNQ,CC(=O)Nc1cc([As](=O)(O)O)ccc1O,Contains uncommon element: 33,
CC(C)(ON=C(C(=O)NC1C(=O)N2C(C(=O)O)=C(C[n+]3ccccc3)CSC12)c1csc(=N)[nH]1)C(=O)[O-],1,1,DILIst Classification  Intravenous,DILI,ORFOPKXBNMVMKC-UHFFFAOYSA-N,ORFOPKXBNMVMKC,CC(C)(ON=C(C(=O)NC1C(=O)[NH+]2C(C(=O)[O-])=C(C[n+]3ccccc3)CSC12)c1csc(=N)[nH]1)C(=O)[O-],Success,CC(C)(ON=C(C(=O)NC1C(=O)N2C(C(=O)O)=C(C[n+]3ccccc3)CSC12)c1csc(N)n1)C(=O)[O-]
COC1=NC(C)=NC(Cl)C1N=c1[nH]cc[nH]1,1,1,DILIst Classification  ,DILI,NSIUCUILQKEQTB-UHFFFAOYSA-N,NSIUCUILQKEQTB,COC1=NC(C)=[NH+]C(Cl)C1N=c1[nH]cc[nH]1,Success,COC1=NC(C)=NC(Cl)C1Nc1ncc[nH]1
Cn1nnnc1SC=C1CSC2C(NC(=O)C(O)c3ccccc3)C(=O)N2C1C(=O)O,1,1,DILIst Classification  Intramuscular; Intravenous,DILI,JDFBTIJUBZEOLI-UHFFFAOYSA-N,JDFBTIJUBZEOLI,Cn1nnnc1SC=C1CSC2C(NC(=O)C(O)c3ccccc3)C(=O)[NH+]2C1C(=O)[O-],Success,Cn1nnnc1SC=C1CSC2C(NC(=O)C(O)c3ccccc3)C(=O)N2C1C(=O)O
CC(=O)C1NC(=O)C(CCCCN)NC(=O)C(Cc2c[nH]c3ccccc23)NC(=O)C(Cc2ccccc2)NC(=O)C(NC(=O)C(N)Cc2ccccc2)CSSCC(C(=O)NC(CO)C(C)O)NC1O,1,1,DILIst Classification  Intravenous,DILI,JDKKNQACNITFEA-UHFFFAOYSA-N,JDKKNQACNITFEA,CC(=O)C1NC(=O)C(CCCC[NH3+])NC(=O)C(Cc2c[nH]c3ccccc23)NC(=O)C(Cc2ccccc2)NC(=O)C(NC(=O)C([NH3+])Cc2ccccc2)CSSCC(C(=O)NC(CO)C(C)O)[NH2+]C1O,Success,CC(=O)C1NC(=O)C(CCCCN)NC(=O)C(Cc2c[nH]c3ccccc23)NC(=O)C(Cc2ccccc2)NC(=O)C(NC(=O)C(N)Cc2ccccc2)CSSCC(C(=O)NC(CO)C(C)O)NC1O
CC(=O)OC1=C(C(CCC=C(C)C)C(=O)O)C2CC(O)C3C4(C)CCC(O)C(C)C4CCC3(C)C2(C)C1,1,1,"DILIst Classification  Oral, Topical, Intravenous, optahlmic",DILI,JMNCPTSDROGKTR-UHFFFAOYSA-N,JMNCPTSDROGKTR,CC(=O)OC1=C(C(CCC=C(C)C)C(=O)[O-])C2CC(O)C3C4(C)CCC(O)C(C)C4CCC3(C)C2(C)C1,Success,CC(=O)OC1=C(C(CCC=C(C)C)C(=O)O)C2CC(O)C3C4(C)CCC(O)C(C)C4CCC3(C)C2(C)C1
CCOC(O)c1nc(-c2ccccc2F)c2cc(Cl)ccc2nc1=O,1,1,DILIst Classification  ,DILI,HTMZSADWQACSJQ-UHFFFAOYSA-N,HTMZSADWQACSJQ,CCOC(O)c1nc(-c2ccccc2F)c2cc(Cl)ccc2nc1=O,Success,CCOC(O)c1nc(-c2ccccc2F)c2cc(Cl)ccc2nc1=O
O=C1NC(c2ccccc2)(c2ccccc2)C(=O)N1CO[P](=O)(=O)O,1,1,DILIst Classification  Intramuscular,DILI,KFODUDWNFSWFFD-UHFFFAOYSA-N,KFODUDWNFSWFFD,O=C1NC(c2ccccc2)(c2ccccc2)C(=O)[NH+]1CO[P](=O)(=O)O,Success,O=C1NC(c2ccccc2)(c2ccccc2)C(=O)N1CO[P](=O)(=O)O
CNC(=O)c1c(I)c(NC(C)=O)c(I)c(C(=O)O)c1I,0,1,DILIst Classification  Intravenous,DILI,UXIGWFXRQKWHHA-UHFFFAOYSA-N,UXIGWFXRQKWHHA,CNC(=O)c1c(I)c(NC(C)=O)c(I)c(C(=O)[O-])c1I,Success,CNC(=O)c1c(I)c(NC(C)=O)c(I)c(C(=O)O)c1I
CC(=O)C(O)O,0,1,DILIst Classification  Intravenous,DILI,UOQFZGVGGMHGEE-UHFFFAOYSA-N,UOQFZGVGGMHGEE,CC(=O)C(O)O,Success,CC(O)C(=O)O
CC(O)([P](=O)(=O)O)[P](=O)(=O)O,0,1,DILIst Classification  Oral,DILI,STSVWMYPAMHMEK-UHFFFAOYSA-N,STSVWMYPAMHMEK,CC(O)([P](=O)(=O)O)[P](=O)(=O)O,Success,CC(O)([P](=O)(=O)O)[P](=O)(=O)O
CN1CC(C(=O)NC2(C)OC3(O)C4CCCN4C(=O)C(Cc4ccccc4)N3C2=O)=CC2c3cccc4[nH]cc(c34)CC21,0,1,DILIst Classification  oral,DILI,UDWYQEMSGZBOBQ-UHFFFAOYSA-N,UDWYQEMSGZBOBQ,C[NH+]1CC(C(=O)NC2(C)OC3(O)C4CCC[NH+]4C(=O)C(Cc4ccccc4)[NH+]3C2=O)=CC2c3cccc4[nH]cc(c34)CC21,Success,CN1CC(C(=O)NC2(C)OC3(O)C4CCCN4C(=O)C(Cc4ccccc4)N3C2=O)=CC2c3cccc4[nH]cc(c34)CC21
N=c1[nH]c(N2CCCCC2)cc(N)[n+]1[O-],0,1,DILIst Classification  Oral,DILI,ZFMITUMMTDLWHR-UHFFFAOYSA-N,ZFMITUMMTDLWHR,N=c1[nH]c(N2CCCCC2)cc(N)[n+]1O,Success,Nc1cc(N2CCCCC2)nc(N)[n+]1[O-]
OCCOCCN1CCN(C(c2ccccc2)c2ccc(Cl)cc2)CC1,0,13,DILIrank dataset CP Overlap REpsilber,DILI,ZQDWXGKKHFNSQK-UHFFFAOYSA-N,ZQDWXGKKHFNSQK,OCCOCC[NH+]1CC[NH+](C(c2ccccc2)c2ccc(Cl)cc2)CC1,Success,OCCOCCN1CCN(C(c2ccccc2)c2ccc(Cl)cc2)CC1
CCC(CO)NC(=O)C1=CC2c3cccc4c3c(cn4C)CC2N(C)C1,0,1,DILIst Classification  Oral,DILI,ZROSHIYBPNXMJG-UHFFFAOYSA-N,ZROSHIYBPNXMJG,CCC(CO)NC(=O)C1=CC2c3cccc4c3c(cn4C)CC2[NH+](C)C1,Success,CCC(CO)NC(=O)C1=CC2c3cccc4c3c(cn4C)CC2N(C)C1
C=CCN1CCC23c4c5ccc(O)c4OC2C(=NNC(=O)c2ccccc2)CCC3(O)C1C5,0,13,DILIrank dataset CP Overlap REpsilber,DILI,AKXCFAYOTIEFOH-UHFFFAOYSA-N,AKXCFAYOTIEFOH,C=CC[NH+]1CCC23c4c5ccc(O)c4OC2C(=N[N-]C(=O)c2ccccc2)CCC3(O)C1C5,Success,C=CCN1CCC23c4c5ccc(O)c4OC2C(=NNC(=O)c2ccccc2)CCC3(O)C1C5
COc1cccc2c(O)c3c(O)c4c(c(O)c3c(O)c12)=C(OC1CC(N)C(O)C(C)O1)CC(O)(C(C)=O)C=4,0,13,DILIrank dataset CP Overlap REpsilber,DILI,FMKMZSSCGDCUTK-UHFFFAOYSA-N,FMKMZSSCGDCUTK,COc1cccc2c(O)c3c(O)c4c(c(O)c3c(O)c12)=C(OC1CC([NH3+])C(O)C(C)O1)CC(O)(C(C)=O)C=4,Success,COc1cccc2c(O)c3c(O)c4c(c(O)c3c(O)c12)=C(OC1CC(N)C(O)C(C)O1)CC(O)(C(C)=O)C=4
CC1OC(OC2C(O)CC(OC3C(O)CC(OC4CCC5(C)C(CCC6C5CC(O)C5(C)C(c7coc(O)c7)CCC65O)C4)OC3C)OC2C)CC(O)C1O,0,13,DILIrank dataset CP Overlap REpsilber,DILI,IJJIUSOIKBRXAK-UHFFFAOYSA-N,IJJIUSOIKBRXAK,CC1OC(OC2C(O)CC(OC3C(O)CC(OC4CCC5(C)C(CCC6C5CC(O)C5(C)C(c7coc(O)c7)CCC65O)C4)OC3C)OC2C)CC(O)C1O,Success,CC1OC(OC2C(O)CC(OC3C(O)CC(OC4CCC5(C)C(CCC6C5CC(O)C5(C)C(c7coc(O)c7)CCC65O)C4)OC3C)OC2C)CC(O)C1O
CC(C)NCC(O)c1cc(O)cc(O)c1,0,13,DILIrank dataset CP Overlap REpsilber,DILI,LMOINURANNBYCM-UHFFFAOYSA-N,LMOINURANNBYCM,CC(C)[NH2+]CC(O)c1cc(O)cc(O)c1,Success,CC(C)NCC(O)c1cc(O)cc(O)c1
O=C1Nc2ccc(Cl)cc2C(c2ccccc2)NC1=O,0,1,DILIst Classification  Oral,DILI,ZPRNOXLABKLWNP-UHFFFAOYSA-N,ZPRNOXLABKLWNP,O=C1Nc2ccc(Cl)cc2C(c2ccccc2)NC1=O,Success,O=C1Nc2ccc(Cl)cc2C(c2ccccc2)NC1=O
COC=C1CSC2C(=NC(=O)C(NOC)c3csc(=N)[nH]3)C(=O)N2C1C(=O)O,0,1,DILIst Classification  Oral,DILI,YKXSLXBECXAHNM-UHFFFAOYSA-N,YKXSLXBECXAHNM,COC=C1CSC2C(=NC(=O)C([NH2+]OC)c3csc(=N)[nH]3)C(=O)[NH+]2C1C(=O)[O-],Success,COC=C1CSC2C(=NC(=O)C(NOC)c3csc(N)n3)C(=O)N2C1C(=O)O
O=[P-](=O)(O)C([S+]=C1C=CC(=[Cl+])C=C1)[P-](=O)(=O)O,0,1,DILIst Classification  Oral,DILI,YJPVNWRCJRDXEZ-UHFFFAOYSA-N,YJPVNWRCJRDXEZ,O=[P-](=O)(O)C([S+]=C1C=CC(=[Cl+])C=C1)[P-](=O)(=O)O,Success,O=[P-](=O)(O)C([S+]=C1C=CC(=[Cl+])C=C1)[P-](=O)(=O)O
NCCC(O)([P](=O)(=O)O)[P](=O)(=O)O,0,1,DILIst Classification  Intravenous,DILI,ZDNFRAXSAKZHLL-UHFFFAOYSA-N,ZDNFRAXSAKZHLL,[NH3+]CCC(O)([P](=O)(=O)O)[P](=O)(=O)O,Success,NCCC(O)([P](=O)(=O)O)[P](=O)(=O)O
CC(=O)Oc1c(C)c(C)c2c(c1C)CCC(C)(CCCC(C)CCCC(C)CCCC(C)C)O2,0,1,DILIst Classification  Oral,DILI,ZAKOWWREFLAJOT-UHFFFAOYSA-N,ZAKOWWREFLAJOT,CC(=O)Oc1c(C)c(C)c2c(c1C)CCC(C)(CCCC(C)CCCC(C)CCCC(C)C)O2,Success,CC(=O)Oc1c(C)c(C)c2c(c1C)CCC(C)(CCCC(C)CCCC(C)CCCC(C)C)O2
O=C(O)[P](=O)(=O)O,0,1,DILIst Classification  Intravenous,DILI,YUXMLIOVDAUXGA-UHFFFAOYSA-N,YUXMLIOVDAUXGA,O=C([O-])[P](=O)(=O)O,Success,O=C(O)[P](=O)(=O)O
CCCCCN=C(N)N=NCc1c[nH]c2ccc(OC)cc12,0,1,DILIst Classification  Oral,DILI,GUSBUMLSQCLAEW-UHFFFAOYSA-N,GUSBUMLSQCLAEW,CCCCC[NH+]=C(N)N=NCc1c[nH]c2ccc(OC)cc12,Success,CCCCCN=C(N)N=NCc1c[nH]c2ccc(OC)cc12
CC(=O)C1(O)C=C(OC2CC(N)C(O)C(C)O2)c2c(c(O)c3c(O)c4ccccc4c(O)c3c2O)C1,0,1,DILIst Classification  Intravenous,DILI,FXOONYIMGKDSJO-UHFFFAOYSA-N,FXOONYIMGKDSJO,CC(=O)C1(O)C=C(OC2CC([NH3+])C(O)C(C)O2)c2c(c(O)c3c(O)c4ccccc4c(O)c3c2O)C1,Success,CC(=O)C1(O)C=C(OC2CC(N)C(O)C(C)O2)c2c(c(O)c3c(O)c4ccccc4c(O)c3c2O)C1
COc1ccc2c3c1OC1CC(O)C=C(CCN(C)C2)C31,0,1,DILIst Classification  Oral,DILI,FFQKTDKDUHFQKE-UHFFFAOYSA-N,FFQKTDKDUHFQKE,COc1ccc2c3c1OC1CC(O)C=C(CC[NH+](C)C2)C31,Success,COc1ccc2c3c1OC1CC(O)C=C(CCN(C)C2)C31
CC(O)CN1CCN(CC(=O)O)CCN(CC(=O)O)CCN(CC(=O)O)CC1,0,1,DILIst Classification  Intravenous,DILI,IQUHNCOJRJBMSU-UHFFFAOYSA-N,IQUHNCOJRJBMSU,CC(O)C[NH+]1CC[NH+](CC(=O)[O-])CC[NH+](CC(=O)[O-])CC[NH+](CC(=O)[O-])CC1,Success,CC(O)CN1CCN(CC(=O)O)CCN(CC(=O)O)CCN(CC(=O)O)CC1
CN(C)c1cc(NC(=O)CNC(C)(C)C)c(O)c2c(O)c3c(cc12)CC1C(N(C)C)C(=O)C(C(N)=O)C(=O)C1(O)C3O,0,1,DILIst Classification  Intravenous,DILI,HFGTWXXQCHUAMV-UHFFFAOYSA-N,HFGTWXXQCHUAMV,CN(C)c1cc(NC(=O)C[NH2+]C(C)(C)C)c(O)c2c(O)c3c(cc12)CC1C([NH+](C)C)C(=O)C(C(N)=O)C(=O)C1(O)C3O,Success,CN(C)c1cc(NC(=O)CNC(C)(C)C)c(O)c2c(O)c3c(cc12)CC1C(N(C)C)C(=O)C(C(N)=O)C(=O)C1(O)C3O
Cc1ncc(CO[P](=O)(=O)O)c(C=O)c1O,0,1,DILIst Classification  Oral,DILI,HEUHJQACTZEVDO-UHFFFAOYSA-N,HEUHJQACTZEVDO,Cc1ncc(CO[P](=O)(=O)O)c(C=O)c1O,Success,Cc1ncc(CO[P](=O)(=O)O)c(C=O)c1O
COCCNC(=O)CN(CCN(CCN(CC(=O)O)CC(=O)NCCOC)CC(=O)O)CC(=O)O,0,1,DILIst Classification  Intravenous,DILI,AXFGWXLCWCNPHP-UHFFFAOYSA-N,AXFGWXLCWCNPHP,COCCNC(=O)C[NH+](CC[NH+](CC[NH+](CC(=O)[O-])CC(=O)NCCOC)CC(=O)[O-])CC(=O)[O-],Success,COCCNC(=O)CN(CCN(CCN(CC(=O)O)CC(=O)NCCOC)CC(=O)O)CC(=O)O
CC1(C)C(=CC=CC=CC=CC2=[N+](CCCCS(=O)(=O)O)c3ccc4ccccc4c3C2(C)C)N(CCCCS(=O)(=O)O)c2ccc3ccccc3c21,0,1,DILIst Classification  Intravenous,DILI,BDBMLMBYCXNVMC-UHFFFAOYSA-O,BDBMLMBYCXNVMC,CC1(C)C(=CC=CC=CC=CC2=[N+](CCCCS(=O)(=O)[O-])c3ccc4ccccc4c3C2(C)C)N(CCCCS(=O)(=O)[O-])c2ccc3ccccc3c21,Success,CC1(C)C(=CC=CC=CC=CC2=[N+](CCCCS(=O)(=O)O)c3ccc4ccccc4c3C2(C)C)N(CCCCS(=O)(=O)O)c2ccc3ccccc3c21
CC(=O)OC=C1CSC2C(NC(=O)CSc3ccncc3)C(=O)N2C1C(=O)O,0,1,DILIst Classification  ,DILI,ASUSRJLYZAZXFH-UHFFFAOYSA-N,ASUSRJLYZAZXFH,CC(=O)OC=C1CSC2C(NC(=O)CSc3ccncc3)C(=O)[NH+]2C1C(=O)[O-],Success,CC(=O)OC=C1CSC2C(NC(=O)CSc3ccncc3)C(=O)N2C1C(=O)O
CC1=C(C(=O)O)N2C(=O)C(=NC(=O)C(N)C3C=CCCC3)C2SC1,0,1,DILIst Classification  Oral,DILI,AHUXISVXKYLQOD-UHFFFAOYSA-N,AHUXISVXKYLQOD,CC1=C(C(=O)[O-])[NH+]2C(=O)C(=NC(=O)C([NH3+])C3C=CCCC3)C2SC1,Success,CC1=C(C(=O)O)N2C(=O)C(=NC(=O)C(N)C3C=CCCC3)C2SC1
CON=C(C(=O)NC1C(=O)N2C(C(=O)OCOC(=O)C(C)(C)C)=C(C=Cc3scnc3C)CSC12)c1csc(=N)[nH]1,0,1,DILIst Classification  Oral,DILI,AFZFFLVORLEPPO-UHFFFAOYSA-N,AFZFFLVORLEPPO,CON=C(C(=O)NC1C(=O)[NH+]2C(C(=O)OCOC(=O)C(C)(C)C)=C(C=Cc3scnc3C)CSC12)c1csc(=N)[nH]1,Success,CON=C(C(=O)NC1C(=O)N2C(C(=O)OCOC(=O)C(C)(C)C)=C(C=Cc3scnc3C)CSC12)c1csc(N)n1
O=C(O)O,0,1,DILIst Classification  Intravenous,DILI,BVKZGUZCCUSVTD-UHFFFAOYSA-N,BVKZGUZCCUSVTD,O=C([O-])[O-],Success,O=C(O)O
CN1C(CSCC(F)(F)F)Nc2cc(Cl)c(S(N)(=O)=O)cc2S1(=O)=O,0,1,DILIst Classification  Oral,DILI,CYLWJCABXYDINA-UHFFFAOYSA-N,CYLWJCABXYDINA,C[NH+]1C(CSCC(F)(F)F)[NH2+]c2cc(Cl)c(S(N)(=O)=O)cc2S1(=O)=O,Success,CN1C(CSCC(F)(F)F)Nc2cc(Cl)c(S(N)(=O)=O)cc2S1(=O)=O
O=C(C(O)CO)C(O)C(O)CO,0,1,DILIst Classification  Intravenous,DILI,DWJZKGYQNOQQEZ-UHFFFAOYSA-N,DWJZKGYQNOQQEZ,O=C(C(O)CO)C(O)C(O)CO,Success,O=C(C(O)CO)C(O)C(O)CO
O=[P-](=O)(O)C(O)(C[C+]1C=CC=[N+]=C1)[P-](=O)(=O)O,0,1,DILIst Classification  Oral,DILI,BVPYUOGGVTWBOM-UHFFFAOYSA-N,BVPYUOGGVTWBOM,O=[P-](=O)(O)C(O)(C[C+]1C=CC=[N+]=C1)[P-](=O)(=O)O,Success,O=[P-](=O)(O)C(O)(C[C+]1C=CC=[N+]=C1)[P-](=O)(=O)O
CCC(C)C(N)C1=NC(C(=O)NC(CC(C)C)C(=O)NC(CCC(=O)O)C(=O)NC(C(=O)NC2CCCCNC(=O)C(CC(N)=O)NC(=O)C(CC(=O)O)NC(=O)C(Cc3cnc[nH]3)NC(=O)C(Cc3ccccc3)NC(=O)C(C(C)CC)NC(=O)C(CCCN)NC2=O)C(C)CC)CS1,0,1,DILIst Classification  Intramuscular,DILI,CLKOFPXJLQSYAH-UHFFFAOYSA-N,CLKOFPXJLQSYAH,CCC(C)C([NH3+])C1=NC(C(=O)NC(CC(C)C)C(=O)NC(CCC(=O)[O-])C(=O)NC(C(=O)NC2CCCCNC(=O)C(CC(N)=O)NC(=O)C(CC(=O)[O-])NC(=O)C(Cc3cnc[nH]3)NC(=O)C(Cc3ccccc3)NC(=O)C(C(C)CC)NC(=O)C(CCC[NH3+])NC2=O)C(C)CC)CS1,Success,CCC(C)C(N)C1=NC(C(=O)NC(CC(C)C)C(=O)NC(CCC(=O)O)C(=O)NC(C(=O)NC2CCCCNC(=O)C(CC(N)=O)NC(=O)C(CC(=O)O)NC(=O)C(Cc3c[nH]cn3)NC(=O)C(Cc3ccccc3)NC(=O)C(C(C)CC)NC(=O)C(CCCN)NC2=O)C(C)CC)CS1
C[N+](C)(C)CCO[P-](=O)(=O)OP([O])(=O)OCC1OC(n2ccc(=N)[nH]c2=O)C(O)C1O,0,1,DILIst Classification  ,DILI,CEPKWQUAIFHKPX-UHFFFAOYSA-N,CEPKWQUAIFHKPX,C[N+](C)(C)CCO[P-](=O)(=O)OP([O])(=O)OCC1OC(n2ccc(=N)[nH]c2=O)C(O)C1O,Success,C[N+](C)(C)CCO[P-](=O)(=O)OP([O])(=O)OCC1OC(n2ccc(N)nc2=O)C(O)C1O
CCC(CO)NC(=O)C1=CC2c3cccc4[nH]cc(c34)CC2N(C)C1,0,1,DILIst Classification  Oral,DILI,PEMKDARQKHHFQF-UHFFFAOYSA-N,PEMKDARQKHHFQF,CCC(CO)NC(=O)C1=CC2c3cccc4[nH]cc(c34)CC2[NH+](C)C1,Success,CCC(CO)NC(=O)C1=CC2c3cccc4[nH]cc(c34)CC2N(C)C1
CC(=O)O,0,1,DILIst Classification  Oral,DILI,QTBSBXVTEAMEQO-UHFFFAOYSA-N,QTBSBXVTEAMEQO,CC(=O)[O-],Success,CC(=O)O
N=c1ccn(CC(CO)OC[P](=O)(=O)O)c(=O)[nH]1,0,1,DILIst Classification  Intravenous,DILI,RBLWGWDMUXGUPI-UHFFFAOYSA-N,RBLWGWDMUXGUPI,N=c1ccn(CC(CO)OC[P](=O)(=O)O)c(=O)[nH]1,Success,Nc1ccn(CC(CO)OC[P](=O)(=O)O)c(=O)n1
NC(=O)C1CCCN1C(=O)C(Cc1c[nH]cn1)NC(O)c1ccc(O)[nH]1,0,1,DILIst Classification  Intravenous,DILI,QYHFILLIFQOIIA-UHFFFAOYSA-N,QYHFILLIFQOIIA,NC(=O)C1CCC[NH+]1C(=O)C(Cc1c[nH]cn1)[NH2+]C(O)c1ccc(O)[nH]1,Success,NC(=O)C1CCCN1C(=O)C(Cc1c[nH]cn1)NC(O)c1ccc(O)[nH]1
O=C1Nc2ccc(Cl)cc2C(c2ccccc2Cl)NC1=O,0,1,DILIst Classification  Oral,DILI,QVUVOEFASMHBFO-UHFFFAOYSA-N,QVUVOEFASMHBFO,O=C1Nc2ccc(Cl)cc2C(c2ccccc2Cl)NC1=O,Success,O=C1Nc2ccc(Cl)cc2C(c2ccccc2Cl)NC1=O
CCCCCN(C)CCC(O)([P](=O)(=O)O)[P](=O)(=O)O,0,1,DILIst Classification  Oral,DILI,QQJMCUYGZZJIAF-UHFFFAOYSA-N,QQJMCUYGZZJIAF,CCCCC[NH+](C)CCC(O)([P](=O)(=O)O)[P](=O)(=O)O,Success,CCCCCN(C)CCC(O)([P](=O)(=O)O)[P](=O)(=O)O
CC(=O)Nc1c(C(O)C(O)CO)oc(C(O)O)cc1=NC(N)N,0,1,DILIst Classification  Oral; Respiratory (inhalation),DILI,QAJJNWFGGAXZNK-UHFFFAOYSA-N,QAJJNWFGGAXZNK,CC(=O)Nc1c(C(O)C(O)CO)oc(C(O)O)cc1=NC([NH3+])[NH3+],Success,CC(=O)Nc1c(C(O)C(O)CO)oc(C(O)O)cc1=NC(N)N
COC(=O)C1=CC2CC(=O)CCC2(C)C23OC2CC2(C)C(CCC24CCC(=O)O4)C13,0,1,DILIst Classification  Oral,DILI,NGPJYMSGYPTHBB-UHFFFAOYSA-N,NGPJYMSGYPTHBB,COC(=O)C1=CC2CC(=O)CCC2(C)C23OC2CC2(C)C(CCC24CCC(=O)O4)C13,Success,COC(=O)C1=CC2CC(=O)CCC2(C)C23OC2CC2(C)C(CCC24CCC(=O)O4)C13
O=c1nc2ccc(Cl)cc2c(-c2ccccc2)nc1C(O)O,0,1,DILIst Classification  Oral,DILI,KMQVJWKQJQYIKY-UHFFFAOYSA-N,KMQVJWKQJQYIKY,O=c1nc2ccc(Cl)cc2c(-c2ccccc2)nc1C(O)O,Success,O=c1nc2ccc(Cl)cc2c(-c2ccccc2)nc1C(O)O
CC(CO)NC(=O)C1=CC2c3cccc4[nH]cc(c34)CC2N(C)C1,0,1,"DILIst Classification  Oral, Intramuscular; Intravenous",DILI,KHLVYIOBOBGWML-UHFFFAOYSA-N,KHLVYIOBOBGWML,CC(CO)NC(=O)C1=CC2c3cccc4[nH]cc(c34)CC2[NH+](C)C1,Success,CC(CO)NC(=O)C1=CC2c3cccc4[nH]cc(c34)CC2N(C)C1
NCCCNCCS[P](=O)(=O)O,0,1,DILIst Classification  Intravenous,DILI,LXDGFIQSXMEGBL-UHFFFAOYSA-N,LXDGFIQSXMEGBL,[NH3+]CCC[NH2+]CCS[P](=O)(=O)O,Success,NCCCNCCS[P](=O)(=O)O
C=Cc1ccc(S(=O)(=O)O)cc1,0,1,DILIst Classification  Oral,DILI,MAGFQRLKWCCTQJ-UHFFFAOYSA-N,MAGFQRLKWCCTQJ,C=Cc1ccc(S(=O)(=O)[O-])cc1,Success,C=Cc1ccc(S(=O)(=O)O)cc1
